image,class,regime,method,fr,grad,sigma,dc_psnr,dc_ssim,dc_worst,oct0,oct1,oct2,oct3,oct_base
photo-a,photo,bicubic,NERVE-fid4x-down,50.32,3.0321,80.55,41.39,0.9820,0.8954,0.9095,0.9631,0.9876,0.9966,0.9994
photo-a,photo,bicubic,NERVE-gan2x,53.07,3.6596,80.81,40.20,0.9813,0.9231,0.8842,0.9691,0.9900,0.9973,0.9994
photo-a,photo,bicubic,NERVE-rel2x,67.12,3.4193,80.35,48.39,0.9977,0.9950,0.9290,0.9857,0.9961,0.9989,0.9997
photo-a,photo,bicubic,RealESRGAN-4x-down,29.67,2.7550,81.71,34.94,0.9474,0.8670,0.8942,0.9430,0.9766,0.9910,0.9902
photo-a,photo,bicubic,bicubic-cg,60.44,2.6718,80.07,46.61,0.9967,0.9904,0.8863,0.9785,0.9954,0.9988,0.9998
photo-a,photo,bicubic,lanczos-mps,56.67,3.0291,80.14,46.39,0.9980,0.9940,0.9080,0.9802,0.9959,0.9988,0.9998
photo-a,photo,bicubic,REFERENCE,100.00,3.8504,80.34,40.03,0.9902,0.9677,nan,nan,nan,nan,nan
photo-a,photo,lanczos,NERVE-fid4x-down,55.19,3.0280,80.40,41.02,0.9760,0.8624,0.9253,0.9742,0.9917,0.9982,0.9997
photo-a,photo,lanczos,NERVE-gan2x,56.81,3.6890,80.70,39.77,0.9777,0.8960,0.8937,0.9769,0.9921,0.9980,0.9995
photo-a,photo,lanczos,NERVE-rel2x,69.76,3.7802,80.33,47.78,0.9976,0.9947,0.9412,0.9931,0.9987,0.9998,0.9999
photo-a,photo,lanczos,RealESRGAN-4x-down,34.31,2.8350,81.65,34.77,0.9413,0.8484,0.9071,0.9540,0.9812,0.9926,0.9898
photo-a,photo,lanczos,bicubic-cg,63.63,2.8581,79.97,45.74,0.9962,0.9890,0.8889,0.9884,0.9987,0.9998,1.0000
photo-a,photo,lanczos,lanczos-mps,54.30,3.2239,80.06,46.35,0.9976,0.9929,0.9152,0.9893,0.9988,0.9998,1.0000
photo-a,photo,lanczos,REFERENCE,100.00,3.8504,80.34,44.18,0.9954,0.9873,nan,nan,nan,nan,nan
photo-a,photo,jpeg,NERVE-fid4x-down,25.44,2.3447,79.89,38.81,0.9739,0.9425,0.8795,0.9064,0.9704,0.9930,0.9981
photo-a,photo,jpeg,NERVE-gan2x,24.76,2.9596,80.45,37.11,0.9611,0.9093,0.8586,0.9033,0.9701,0.9931,0.9981
photo-a,photo,jpeg,NERVE-rel2x,20.96,2.7004,79.50,48.46,0.9979,0.9941,0.8702,0.8899,0.9685,0.9923,0.9972
photo-a,photo,jpeg,RealESRGAN-4x-down,6.16,2.3864,81.36,32.87,0.9302,0.7884,0.8756,0.8971,0.9571,0.9849,0.9899
photo-a,photo,jpeg,bicubic-cg,22.04,2.3102,79.39,48.74,0.9983,0.9941,0.8674,0.8978,0.9700,0.9928,0.9976
photo-a,photo,jpeg,lanczos-mps,21.17,2.5793,79.43,47.56,0.9990,0.9967,0.8759,0.8991,0.9701,0.9927,0.9976
photo-a,photo,jpeg,REFERENCE,100.00,3.8504,80.34,34.17,0.9174,0.8024,nan,nan,nan,nan,nan
graphic-a,graphic,bicubic,NERVE-fid4x-down,52.72,2.3894,52.74,41.17,0.9937,0.9643,0.9625,0.9766,0.9907,0.9977,0.9993
graphic-a,graphic,bicubic,NERVE-gan2x,56.89,2.4828,52.44,41.38,0.9920,0.9675,0.9669,0.9855,0.9935,0.9982,0.9993
graphic-a,graphic,bicubic,NERVE-rel2x,63.46,2.2552,52.69,46.06,0.9990,0.9962,0.9792,0.9902,0.9964,0.9991,0.9997
graphic-a,graphic,bicubic,RealESRGAN-4x-down,32.84,2.8028,55.78,33.66,0.9806,0.9367,0.9613,0.9683,0.9807,0.9934,0.9985
graphic-a,graphic,bicubic,bicubic-cg,58.03,2.1031,51.91,44.48,0.9986,0.9941,0.9339,0.9860,0.9959,0.9991,0.9998
graphic-a,graphic,bicubic,lanczos-mps,51.32,2.5439,52.39,44.58,0.9991,0.9964,0.9443,0.9867,0.9963,0.9991,0.9998
graphic-a,graphic,bicubic,REFERENCE,100.00,2.1859,52.73,37.19,0.9949,0.9781,nan,nan,nan,nan,nan
graphic-a,graphic,lanczos,NERVE-fid4x-down,67.74,2.4183,52.61,39.67,0.9931,0.9688,0.9827,0.9925,0.9973,0.9994,0.9996
graphic-a,graphic,lanczos,NERVE-gan2x,64.93,2.5420,52.37,39.82,0.9909,0.9612,0.9775,0.9934,0.9965,0.9988,0.9995
graphic-a,graphic,lanczos,NERVE-rel2x,69.29,2.6093,52.84,46.03,0.9990,0.9961,0.9898,0.9980,0.9996,0.9999,1.0000
graphic-a,graphic,lanczos,RealESRGAN-4x-down,44.98,2.8307,55.69,34.25,0.9807,0.9355,0.9810,0.9833,0.9873,0.9954,0.9989
graphic-a,graphic,lanczos,bicubic-cg,61.56,2.2510,51.99,43.62,0.9983,0.9930,0.9364,0.9943,0.9994,0.9999,1.0000
graphic-a,graphic,lanczos,lanczos-mps,48.63,2.6882,52.52,44.52,0.9989,0.9959,0.9487,0.9943,0.9995,0.9999,1.0000
graphic-a,graphic,lanczos,REFERENCE,100.00,2.1859,52.73,42.60,0.9981,0.9924,nan,nan,nan,nan,nan
graphic-a,graphic,jpeg,NERVE-fid4x-down,37.23,2.0506,51.99,38.32,0.9817,0.9097,0.9560,0.9643,0.9832,0.9952,0.9991
graphic-a,graphic,jpeg,NERVE-gan2x,39.89,2.4039,51.86,38.32,0.9814,0.9113,0.9541,0.9692,0.9857,0.9958,0.9991
graphic-a,graphic,jpeg,NERVE-rel2x,37.53,2.5428,51.68,44.63,0.9986,0.9965,0.9481,0.9526,0.9853,0.9964,0.9990
graphic-a,graphic,jpeg,RealESRGAN-4x-down,24.48,2.6566,55.34,31.35,0.9663,0.8944,0.9580,0.9596,0.9757,0.9915,0.9982
graphic-a,graphic,jpeg,bicubic-cg,37.06,2.1982,51.14,45.48,0.9987,0.9966,0.9269,0.9553,0.9850,0.9966,0.9992
graphic-a,graphic,jpeg,lanczos-mps,34.38,2.5335,51.54,44.90,0.9992,0.9979,0.9316,0.9569,0.9855,0.9966,0.9992
graphic-a,graphic,jpeg,REFERENCE,100.00,2.1859,52.73,34.26,0.9683,0.8572,nan,nan,nan,nan,nan
photo-b,photo,bicubic,NERVE-fid4x-down,27.45,3.9293,68.86,37.37,0.9540,0.7063,0.7382,0.8843,0.9812,0.9937,0.9989
photo-b,photo,bicubic,NERVE-gan2x,28.85,4.5061,69.01,36.94,0.9522,0.7075,0.7225,0.8895,0.9837,0.9946,0.9989
photo-b,photo,bicubic,NERVE-rel2x,45.03,6.0538,68.79,40.23,0.9850,0.9101,0.7848,0.9637,0.9917,0.9976,0.9995
photo-b,photo,bicubic,RealESRGAN-4x-down,12.06,5.1889,70.54,31.79,0.9334,0.6859,0.7366,0.8758,0.9701,0.9852,0.9958
photo-b,photo,bicubic,bicubic-cg,41.12,3.6841,68.14,43.41,0.9906,0.9535,0.7244,0.9287,0.9907,0.9972,0.9995
photo-b,photo,bicubic,lanczos-mps,40.19,4.0263,68.31,42.99,0.9904,0.9456,0.7434,0.9280,0.9911,0.9972,0.9995
photo-b,photo,bicubic,REFERENCE,100.00,8.8314,69.31,35.79,0.9613,0.7825,nan,nan,nan,nan,nan
photo-b,photo,lanczos,NERVE-fid4x-down,32.41,4.0966,68.72,37.21,0.9532,0.7126,0.7580,0.9042,0.9861,0.9961,0.9994
photo-b,photo,lanczos,NERVE-gan2x,31.68,4.8351,68.91,36.86,0.9556,0.7046,0.7298,0.9089,0.9862,0.9959,0.9992
photo-b,photo,lanczos,NERVE-rel2x,50.49,6.4727,68.83,39.73,0.9848,0.9070,0.8039,0.9827,0.9942,0.9990,0.9998
photo-b,photo,lanczos,RealESRGAN-4x-down,18.43,5.4831,70.53,31.83,0.9311,0.7092,0.7610,0.8963,0.9749,0.9885,0.9960
photo-b,photo,lanczos,bicubic-cg,45.45,3.8818,68.08,42.75,0.9900,0.9487,0.7285,0.9464,0.9937,0.9986,0.9998
photo-b,photo,lanczos,lanczos-mps,41.07,4.2270,68.27,42.78,0.9899,0.9415,0.7530,0.9445,0.9939,0.9986,0.9998
photo-b,photo,lanczos,REFERENCE,100.00,8.8314,69.31,38.53,0.9761,0.8752,nan,nan,nan,nan,nan
photo-b,photo,jpeg,NERVE-fid4x-down,8.35,3.5794,68.68,36.54,0.9619,0.7935,0.7197,0.8153,0.9610,0.9874,0.9976
photo-b,photo,jpeg,NERVE-gan2x,11.72,4.0169,69.01,35.82,0.9558,0.7585,0.6985,0.8140,0.9633,0.9891,0.9978
photo-b,photo,jpeg,NERVE-rel2x,6.45,4.0822,68.13,43.54,0.9940,0.9593,0.7133,0.8113,0.9577,0.9877,0.9976
photo-b,photo,jpeg,RealESRGAN-4x-down,-8.33,4.5709,70.69,30.08,0.9267,0.6512,0.7159,0.8056,0.9431,0.9744,0.9928
photo-b,photo,jpeg,bicubic-cg,10.12,3.0962,67.76,45.73,0.9957,0.9710,0.6995,0.8133,0.9625,0.9892,0.9978
photo-b,photo,jpeg,lanczos-mps,9.32,3.4032,67.90,44.99,0.9962,0.9686,0.7107,0.8136,0.9619,0.9891,0.9978
photo-b,photo,jpeg,REFERENCE,100.00,8.8314,69.31,30.98,0.8459,0.3907,nan,nan,nan,nan,nan
graphic-b,graphic,bicubic,NERVE-fid4x-down,52.65,2.7986,66.69,40.54,0.9959,0.9788,0.9612,0.9758,0.9877,0.9967,0.9995
graphic-b,graphic,bicubic,NERVE-gan2x,60.19,3.0276,66.55,40.74,0.9947,0.9675,0.9693,0.9861,0.9929,0.9980,0.9996
graphic-b,graphic,bicubic,NERVE-rel2x,65.44,2.7609,66.82,44.27,0.9989,0.9970,0.9818,0.9892,0.9946,0.9986,0.9998
graphic-b,graphic,bicubic,RealESRGAN-4x-down,33.08,3.7237,70.27,32.35,0.9815,0.9492,0.9638,0.9680,0.9758,0.9920,0.9990
graphic-b,graphic,bicubic,bicubic-cg,56.82,2.6700,65.93,43.12,0.9986,0.9967,0.9243,0.9836,0.9939,0.9985,0.9998
graphic-b,graphic,bicubic,lanczos-mps,49.79,3.2123,66.42,43.40,0.9991,0.9979,0.9313,0.9843,0.9942,0.9985,0.9998
graphic-b,graphic,bicubic,REFERENCE,100.00,2.6124,66.93,35.82,0.9945,0.9779,nan,nan,nan,nan,nan
graphic-b,graphic,lanczos,NERVE-fid4x-down,65.56,2.8061,66.59,38.93,0.9947,0.9814,0.9860,0.9946,0.9976,0.9994,0.9999
graphic-b,graphic,lanczos,NERVE-gan2x,70.37,3.0946,66.53,39.12,0.9936,0.9612,0.9842,0.9956,0.9977,0.9992,0.9998
graphic-b,graphic,lanczos,NERVE-rel2x,68.71,3.1602,67.04,44.08,0.9988,0.9963,0.9939,0.9980,0.9996,1.0000,1.0000
graphic-b,graphic,lanczos,RealESRGAN-4x-down,45.46,3.7273,70.19,33.00,0.9822,0.9432,0.9880,0.9844,0.9858,0.9952,0.9994
graphic-b,graphic,lanczos,bicubic-cg,59.36,2.8386,66.06,42.30,0.9983,0.9958,0.9271,0.9930,0.9992,0.9999,1.0000
graphic-b,graphic,lanczos,lanczos-mps,46.52,3.3667,66.61,43.23,0.9989,0.9975,0.9357,0.9929,0.9993,0.9999,1.0000
graphic-b,graphic,lanczos,REFERENCE,100.00,2.6124,66.93,41.25,0.9979,0.9941,nan,nan,nan,nan,nan
graphic-b,graphic,jpeg,NERVE-fid4x-down,46.33,2.7343,66.13,37.81,0.9850,0.9456,0.9582,0.9712,0.9851,0.9960,0.9994
graphic-b,graphic,jpeg,NERVE-gan2x,52.32,3.0486,66.16,37.66,0.9849,0.9447,0.9595,0.9790,0.9895,0.9970,0.9995
graphic-b,graphic,jpeg,NERVE-rel2x,44.99,3.2650,65.88,42.86,0.9982,0.9955,0.9528,0.9575,0.9877,0.9973,0.9996
graphic-b,graphic,jpeg,RealESRGAN-4x-down,32.65,3.6248,69.88,30.38,0.9652,0.9105,0.9642,0.9679,0.9757,0.9918,0.9990
graphic-b,graphic,jpeg,bicubic-cg,42.87,2.8634,65.25,43.87,0.9985,0.9966,0.9186,0.9592,0.9865,0.9972,0.9997
graphic-b,graphic,jpeg,lanczos-mps,38.67,3.2842,65.67,43.59,0.9990,0.9976,0.9209,0.9612,0.9874,0.9973,0.9997
graphic-b,graphic,jpeg,REFERENCE,100.00,2.6124,66.93,33.50,0.9747,0.9255,nan,nan,nan,nan,nan
photo-c,photo,bicubic,NERVE-fid4x-down,21.06,5.8576,70.66,36.67,0.9595,0.8205,0.7403,0.9158,0.9720,0.9917,0.9993
photo-c,photo,bicubic,NERVE-gan2x,16.84,6.2329,70.84,36.11,0.9449,0.7375,0.7176,0.9106,0.9673,0.9896,0.9993
photo-c,photo,bicubic,NERVE-rel2x,39.37,6.5443,70.36,41.41,0.9926,0.9656,0.8023,0.9614,0.9909,0.9959,0.9997
photo-c,photo,bicubic,RealESRGAN-4x-down,-1.56,6.4764,72.16,29.59,0.8908,0.6905,0.7061,0.8676,0.9420,0.9810,0.9968
photo-c,photo,bicubic,bicubic-cg,33.05,4.3377,69.74,43.35,0.9922,0.9776,0.7470,0.9328,0.9888,0.9945,0.9993
photo-c,photo,bicubic,lanczos-mps,31.60,4.8083,69.85,43.32,0.9939,0.9756,0.7658,0.9340,0.9896,0.9945,0.9993
photo-c,photo,bicubic,REFERENCE,100.00,8.7084,71.18,34.31,0.9641,0.8598,nan,nan,nan,nan,nan
photo-c,photo,lanczos,NERVE-fid4x-down,27.53,5.4469,70.37,37.48,0.9539,0.7979,0.7723,0.9371,0.9810,0.9949,0.9996
photo-c,photo,lanczos,NERVE-gan2x,18.97,5.9282,70.61,36.27,0.9372,0.7122,0.7280,0.9261,0.9703,0.9911,0.9994
photo-c,photo,lanczos,NERVE-rel2x,45.08,6.7961,70.32,41.87,0.9925,0.9668,0.8247,0.9797,0.9954,0.9981,0.9998
photo-c,photo,lanczos,RealESRGAN-4x-down,3.79,5.5529,71.61,31.28,0.8863,0.6580,0.7299,0.8819,0.9548,0.9847,0.9972
photo-c,photo,lanczos,bicubic-cg,36.40,4.4576,69.67,43.17,0.9916,0.9789,0.7506,0.9488,0.9945,0.9961,0.9994
photo-c,photo,lanczos,lanczos-mps,33.87,4.9671,69.80,43.65,0.9936,0.9775,0.7781,0.9489,0.9948,0.9961,0.9994
photo-c,photo,lanczos,REFERENCE,100.00,8.7084,71.18,35.29,0.9751,0.8623,nan,nan,nan,nan,nan
photo-c,photo,jpeg,NERVE-fid4x-down,-0.01,4.7083,70.04,35.85,0.9604,0.8954,0.7056,0.8158,0.9379,0.9850,0.9986
photo-c,photo,jpeg,NERVE-gan2x,0.50,5.0817,70.39,35.51,0.9453,0.8742,0.6964,0.8048,0.9366,0.9840,0.9987
photo-c,photo,jpeg,NERVE-rel2x,0.68,5.0186,69.66,41.71,0.9941,0.9645,0.7222,0.8034,0.9407,0.9867,0.9986
photo-c,photo,jpeg,RealESRGAN-4x-down,-15.22,5.5064,71.52,30.06,0.9113,0.7548,0.6914,0.8087,0.9166,0.9738,0.9960
photo-c,photo,jpeg,bicubic-cg,1.51,3.6059,69.20,44.59,0.9953,0.9782,0.7163,0.7972,0.9445,0.9865,0.9985
photo-c,photo,jpeg,lanczos-mps,0.25,3.9373,69.28,44.23,0.9962,0.9767,0.7169,0.7972,0.9440,0.9864,0.9985
photo-c,photo,jpeg,REFERENCE,100.00,8.7084,71.18,30.43,0.8453,0.6817,nan,nan,nan,nan,nan
graphic-c,graphic,bicubic,NERVE-fid4x-down,58.96,1.4852,42.99,42.75,0.9940,0.9643,0.9704,0.9815,0.9925,0.9980,0.9994
graphic-c,graphic,bicubic,NERVE-gan2x,61.52,1.4980,42.85,43.13,0.9924,0.9675,0.9714,0.9876,0.9944,0.9983,0.9993
graphic-c,graphic,bicubic,NERVE-rel2x,71.21,1.3653,42.96,48.81,0.9993,0.9962,0.9836,0.9926,0.9973,0.9992,0.9998
graphic-c,graphic,bicubic,RealESRGAN-4x-down,43.43,1.5107,44.81,36.61,0.9845,0.9363,0.9710,0.9777,0.9857,0.9948,0.9988
graphic-c,graphic,bicubic,bicubic-cg,65.19,1.2200,42.49,47.23,0.9989,0.9941,0.9595,0.9906,0.9970,0.9992,0.9999
graphic-c,graphic,bicubic,lanczos-mps,54.95,1.5666,42.85,45.45,0.9993,0.9964,0.9654,0.9911,0.9972,0.9992,0.9999
graphic-c,graphic,bicubic,REFERENCE,100.00,1.3350,43.05,39.14,0.9961,0.9808,nan,nan,nan,nan,nan
graphic-c,graphic,lanczos,NERVE-fid4x-down,66.20,1.5298,42.94,41.31,0.9938,0.9688,0.9849,0.9933,0.9975,0.9994,0.9996
graphic-c,graphic,lanczos,NERVE-gan2x,65.49,1.5532,42.83,41.39,0.9916,0.9612,0.9799,0.9939,0.9966,0.9987,0.9994
graphic-c,graphic,lanczos,NERVE-rel2x,68.55,1.6013,43.11,48.33,0.9992,0.9961,0.9917,0.9984,0.9997,0.9999,0.9999
graphic-c,graphic,lanczos,RealESRGAN-4x-down,51.74,1.5430,44.78,37.00,0.9842,0.9324,0.9848,0.9880,0.9907,0.9964,0.9990
graphic-c,graphic,lanczos,bicubic-cg,64.43,1.3384,42.56,46.35,0.9987,0.9930,0.9608,0.9964,0.9995,0.9999,1.0000
graphic-c,graphic,lanczos,lanczos-mps,48.47,1.6523,42.97,45.90,0.9992,0.9959,0.9685,0.9964,0.9996,0.9999,1.0000
graphic-c,graphic,lanczos,REFERENCE,100.00,1.3350,43.05,44.10,0.9986,0.9924,nan,nan,nan,nan,nan
graphic-c,graphic,jpeg,NERVE-fid4x-down,40.85,1.1114,42.50,40.54,0.9844,0.9097,0.9661,0.9703,0.9852,0.9955,0.9992
graphic-c,graphic,jpeg,NERVE-gan2x,42.89,1.3891,42.52,40.59,0.9840,0.9113,0.9634,0.9740,0.9872,0.9960,0.9991
graphic-c,graphic,jpeg,NERVE-rel2x,41.99,1.4326,42.37,46.93,0.9990,0.9958,0.9635,0.9638,0.9876,0.9967,0.9989
graphic-c,graphic,jpeg,RealESRGAN-4x-down,31.64,1.3995,44.53,34.39,0.9750,0.8944,0.9686,0.9691,0.9805,0.9928,0.9984
graphic-c,graphic,jpeg,bicubic-cg,41.92,1.2251,42.04,48.19,0.9991,0.9966,0.9548,0.9674,0.9878,0.9968,0.9992
graphic-c,graphic,jpeg,lanczos-mps,37.64,1.5163,42.35,45.67,0.9995,0.9976,0.9569,0.9682,0.9880,0.9968,0.9991
graphic-c,graphic,jpeg,REFERENCE,100.00,1.3350,43.05,36.42,0.9730,0.8572,nan,nan,nan,nan,nan
photo-d,photo,bicubic,NERVE-fid4x-down,43.43,4.7604,91.74,40.39,0.9877,0.9624,0.8375,0.9528,0.9870,0.9968,0.9993
photo-d,photo,bicubic,NERVE-gan2x,46.01,5.3433,92.03,38.39,0.9810,0.9427,0.8126,0.9595,0.9884,0.9974,0.9991
photo-d,photo,bicubic,NERVE-rel2x,58.94,5.2815,91.44,45.69,0.9966,0.9903,0.8656,0.9772,0.9943,0.9987,0.9998
photo-d,photo,bicubic,RealESRGAN-4x-down,7.50,4.3739,94.22,31.50,0.9186,0.6967,0.8137,0.9026,0.9632,0.9877,0.9852
photo-d,photo,bicubic,bicubic-cg,51.03,4.0736,90.87,43.64,0.9945,0.9800,0.7970,0.9645,0.9931,0.9985,0.9998
photo-d,photo,bicubic,lanczos-mps,49.12,4.5977,91.05,44.49,0.9966,0.9898,0.8314,0.9670,0.9939,0.9986,0.9998
photo-d,photo,bicubic,REFERENCE,100.00,6.0650,91.41,38.66,0.9827,0.9428,nan,nan,nan,nan,nan
photo-d,photo,lanczos,NERVE-fid4x-down,55.47,4.7514,91.61,39.72,0.9829,0.9448,0.8626,0.9724,0.9940,0.9989,0.9997
photo-d,photo,lanczos,NERVE-gan2x,51.14,5.4497,91.94,37.78,0.9772,0.9233,0.8231,0.9720,0.9913,0.9981,0.9992
photo-d,photo,lanczos,NERVE-rel2x,64.79,5.8120,91.47,45.32,0.9964,0.9907,0.8844,0.9884,0.9977,0.9998,0.9999
photo-d,photo,lanczos,RealESRGAN-4x-down,9.80,4.5260,94.22,31.50,0.9098,0.6460,0.8259,0.9147,0.9679,0.9894,0.9845
photo-d,photo,lanczos,bicubic-cg,56.86,4.3401,90.83,42.81,0.9937,0.9778,0.8014,0.9799,0.9976,0.9997,1.0000
photo-d,photo,lanczos,lanczos-mps,48.06,4.9106,91.03,44.24,0.9960,0.9887,0.8438,0.9811,0.9979,0.9997,1.0000
photo-d,photo,lanczos,REFERENCE,100.00,6.0650,91.41,41.55,0.9914,0.9774,nan,nan,nan,nan,nan
photo-d,photo,jpeg,NERVE-fid4x-down,8.92,3.6310,91.22,37.17,0.9714,0.9027,0.7933,0.8515,0.9571,0.9912,0.9974
photo-d,photo,jpeg,NERVE-gan2x,4.50,4.4009,92.02,34.93,0.9455,0.7412,0.7597,0.8404,0.9530,0.9913,0.9971
photo-d,photo,jpeg,NERVE-rel2x,8.07,4.1132,90.67,45.41,0.9978,0.9933,0.7795,0.8323,0.9573,0.9915,0.9970
photo-d,photo,jpeg,RealESRGAN-4x-down,-13.49,3.5825,94.13,29.99,0.9038,0.7318,0.7890,0.8378,0.9367,0.9803,0.9857
photo-d,photo,jpeg,bicubic-cg,9.68,3.5077,90.32,45.31,0.9971,0.9869,0.7677,0.8415,0.9587,0.9921,0.9974
photo-d,photo,jpeg,lanczos-mps,8.80,3.8840,90.46,45.62,0.9985,0.9931,0.7816,0.8434,0.9588,0.9920,0.9974
photo-d,photo,jpeg,REFERENCE,100.00,6.0650,91.41,32.40,0.8748,0.6534,nan,nan,nan,nan,nan
graphic-d,graphic,bicubic,NERVE-fid4x-down,67.07,0.8298,32.40,46.05,0.9952,0.9643,0.9870,0.9902,0.9957,0.9988,0.9996
graphic-d,graphic,bicubic,NERVE-gan2x,66.86,0.8298,32.29,45.34,0.9939,0.9675,0.9869,0.9935,0.9963,0.9986,0.9994
graphic-d,graphic,bicubic,NERVE-rel2x,77.18,0.7525,32.40,51.48,0.9996,0.9979,0.9945,0.9969,0.9987,0.9996,0.9999
graphic-d,graphic,bicubic,RealESRGAN-4x-down,51.64,0.7903,33.79,38.83,0.9881,0.9318,0.9892,0.9879,0.9909,0.9966,0.9990
graphic-d,graphic,bicubic,bicubic-cg,72.64,0.6910,32.06,49.86,0.9995,0.9965,0.9826,0.9957,0.9985,0.9996,0.9999
graphic-d,graphic,bicubic,lanczos-mps,58.05,0.9688,32.40,46.27,0.9997,0.9981,0.9853,0.9960,0.9986,0.9996,0.9999
graphic-d,graphic,bicubic,REFERENCE,100.00,0.7214,32.45,42.86,0.9980,0.9851,nan,nan,nan,nan,nan
graphic-d,graphic,lanczos,NERVE-fid4x-down,69.17,0.8661,32.38,44.02,0.9951,0.9688,0.9932,0.9954,0.9982,0.9996,0.9998
graphic-d,graphic,lanczos,NERVE-gan2x,70.02,0.8727,32.29,42.77,0.9932,0.9612,0.9904,0.9961,0.9973,0.9989,0.9995
graphic-d,graphic,lanczos,NERVE-rel2x,69.27,0.9170,32.53,50.57,0.9996,0.9978,0.9978,0.9994,0.9999,1.0000,1.0000
graphic-d,graphic,lanczos,RealESRGAN-4x-down,58.25,0.8101,33.77,39.09,0.9878,0.9278,0.9953,0.9925,0.9935,0.9975,0.9991
graphic-d,graphic,lanczos,bicubic-cg,66.92,0.7783,32.14,48.96,0.9994,0.9959,0.9832,0.9984,0.9998,1.0000,1.0000
graphic-d,graphic,lanczos,lanczos-mps,48.69,1.0041,32.53,47.03,0.9996,0.9976,0.9869,0.9984,0.9998,1.0000,1.0000
graphic-d,graphic,lanczos,REFERENCE,100.00,0.7214,32.45,45.78,0.9994,0.9959,nan,nan,nan,nan,nan
graphic-d,graphic,jpeg,NERVE-fid4x-down,57.30,0.6197,32.08,43.24,0.9908,0.9387,0.9876,0.9877,0.9917,0.9968,0.9993
graphic-d,graphic,jpeg,NERVE-gan2x,57.95,0.7887,32.10,43.30,0.9905,0.9360,0.9845,0.9890,0.9926,0.9969,0.9991
graphic-d,graphic,jpeg,NERVE-rel2x,54.08,0.7855,31.97,49.53,0.9994,0.9965,0.9860,0.9834,0.9925,0.9976,0.9989
graphic-d,graphic,jpeg,RealESRGAN-4x-down,47.88,0.7562,33.68,36.60,0.9850,0.9128,0.9893,0.9868,0.9891,0.9953,0.9988
graphic-d,graphic,jpeg,bicubic-cg,54.88,0.6745,31.74,50.85,0.9995,0.9965,0.9808,0.9850,0.9927,0.9977,0.9991
graphic-d,graphic,jpeg,lanczos-mps,45.79,0.9220,32.05,46.42,0.9997,0.9979,0.9815,0.9854,0.9927,0.9977,0.9990
graphic-d,graphic,jpeg,REFERENCE,100.00,0.7214,32.45,39.71,0.9842,0.9097,nan,nan,nan,nan,nan
photo-e,photo,bicubic,NERVE-fid4x-down,44.28,4.2395,80.75,39.55,0.9863,0.9579,0.8647,0.9525,0.9858,0.9953,0.9991
photo-e,photo,bicubic,NERVE-gan2x,49.43,4.9201,81.17,38.61,0.9834,0.9582,0.8441,0.9645,0.9898,0.9969,0.9989
photo-e,photo,bicubic,NERVE-rel2x,59.49,4.8500,80.49,44.74,0.9970,0.9933,0.8949,0.9791,0.9944,0.9981,0.9995
photo-e,photo,bicubic,RealESRGAN-4x-down,27.18,4.2186,82.57,32.33,0.9569,0.9004,0.8493,0.9289,0.9755,0.9902,0.9955
photo-e,photo,bicubic,bicubic-cg,54.80,3.8004,79.94,43.38,0.9963,0.9902,0.8383,0.9685,0.9935,0.9980,0.9997
photo-e,photo,bicubic,lanczos-mps,53.84,4.2363,80.15,44.51,0.9977,0.9936,0.8650,0.9705,0.9941,0.9980,0.9997
photo-e,photo,bicubic,REFERENCE,100.00,5.5005,80.57,36.74,0.9871,0.9552,nan,nan,nan,nan,nan
photo-e,photo,lanczos,NERVE-fid4x-down,57.52,4.2445,80.60,38.78,0.9819,0.9405,0.8877,0.9719,0.9939,0.9988,0.9998
photo-e,photo,lanczos,NERVE-gan2x,56.67,4.9762,81.02,37.92,0.9803,0.9509,0.8546,0.9769,0.9934,0.9984,0.9992
photo-e,photo,lanczos,NERVE-rel2x,68.50,5.3443,80.56,44.35,0.9967,0.9925,0.9125,0.9906,0.9985,0.9998,0.9999
photo-e,photo,lanczos,RealESRGAN-4x-down,38.39,4.3276,82.52,32.44,0.9521,0.8978,0.8670,0.9476,0.9835,0.9937,0.9957
photo-e,photo,lanczos,bicubic-cg,60.99,4.0341,79.90,42.58,0.9957,0.9884,0.8426,0.9831,0.9983,0.9998,1.0000
photo-e,photo,lanczos,lanczos-mps,54.99,4.4984,80.13,43.78,0.9972,0.9924,0.8758,0.9841,0.9986,0.9998,1.0000
photo-e,photo,lanczos,REFERENCE,100.00,5.5005,80.57,41.56,0.9942,0.9835,nan,nan,nan,nan,nan
photo-e,photo,jpeg,NERVE-fid4x-down,22.87,3.5169,80.66,36.92,0.9762,0.9518,0.8336,0.8859,0.9683,0.9919,0.9982
photo-e,photo,jpeg,NERVE-gan2x,27.12,4.1040,81.10,36.04,0.9679,0.9321,0.8153,0.8867,0.9720,0.9940,0.9982
photo-e,photo,jpeg,NERVE-rel2x,22.55,3.9480,80.18,44.49,0.9978,0.9948,0.8224,0.8682,0.9682,0.9933,0.9983
photo-e,photo,jpeg,RealESRGAN-4x-down,11.76,3.7365,82.54,30.90,0.9426,0.8062,0.8275,0.8739,0.9575,0.9864,0.9937
photo-e,photo,jpeg,bicubic-cg,24.18,3.3924,79.72,44.80,0.9980,0.9947,0.8152,0.8767,0.9697,0.9937,0.9985
photo-e,photo,jpeg,lanczos-mps,23.96,3.7188,79.89,45.58,0.9989,0.9971,0.8258,0.8782,0.9698,0.9937,0.9985
photo-e,photo,jpeg,REFERENCE,100.00,5.5005,80.57,32.22,0.9152,0.8029,nan,nan,nan,nan,nan
